"Category","Subcategory","Text","Severity","WAF","GUID"
"Azure Billing and Microsoft Entra ID Tenants","Microsoft Entra ID Tenants","Use one Entra tenant for managing your Azure resources, unless you have a clear regulatory or business requirement for m","Medium","Operations","70c15989-c726-42c7-b0d3-24b7375b9201"
"Azure Billing and Microsoft Entra ID Tenants","Microsoft Entra ID Tenants","Use Multi-Tenant Automation approach to managing your Microsoft Entra ID Tenants.","Low","Operations","6309957b-821a-43d1-b9d9-7fcf1802b747"
"Azure Billing and Microsoft Entra ID Tenants","Microsoft Entra ID Tenants","Use Azure Lighthouse for Multi-Tenant Management with the same IDs.","High","Operations","78e11934-499a-45ed-8ef7-aae5578f0ecf"
"Azure Billing and Microsoft Entra ID Tenants","Cloud Solution Provider","If you give a partner access to administer your tenant, use Azure Lighthouse.","High","Cost","5d82e6df-6f61-42f2-82e2-3132d293be3d"
"Azure Billing and Microsoft Entra ID Tenants","Cloud Solution Provider","If you have a CSP partner, define and document your support request and escalation process.","Low","Cost","a24d0de3-d4b9-4dfb-8ddd-bbfaf123fa01"
"Azure Billing and Microsoft Entra ID Tenants","Cloud Solution Provider","Setup Cost Reporting and Views with Azure Cost Management.","Medium","Cost","32952499-58c8-4e6f-ada5-972e67893d55"
"Azure Billing and Microsoft Entra ID Tenants","Enterprise Agreement","Set up a Notification Contact email address to ensure notifications are sent to an appropriate group mailbox.","Medium","Cost","685cb4f2-ac9c-4b19-9167-993ed0b32415"
"Azure Billing and Microsoft Entra ID Tenants","Enterprise Agreement","Use departments and accounts to map your organization's structure to your enrollment hierarchy which can help with separ","Low","Cost","12cd499f-96e2-4e41-a243-231fb3245a1c"
"Azure Billing and Microsoft Entra ID Tenants","Enterprise Agreement","Assign a budget for each department and account, and establish an alert associated with the budget.","Low","Cost","54f0d8b1-22a3-4c0d-8ce2-58b9e086c93a"
"Azure Billing and Microsoft Entra ID Tenants","Enterprise Agreement","Enable both DA View Charges and AO View Charges on your EA Enrollments to allow users with the correct permissions to re","Medium","Security","ca0fe401-12ad-46fc-8a7e-86293866a9f6"
"Azure Billing and Microsoft Entra ID Tenants","Enterprise Agreement","Use of Enterprise Dev/Test Subscriptions to reduce costs for non-production workloads.","Low","Cost","5cf9f485-2784-49b3-9824-75d9b8bdb57b"
"Azure Billing and Microsoft Entra ID Tenants","Microsoft Customer Agreement","Configure Agreement billing account notification contact email.","Low","Cost","6ad5c3dd-e5ea-4ff1-81a4-7886ff87845c"
"Azure Billing and Microsoft Entra ID Tenants","Microsoft Customer Agreement","Use Billing Profiles and Invoice sections to structure your agreements billing for effective cost management.","Low","Cost","90e87802-602f-4dfb-acea-67c60689f1d7"
"Azure Billing and Microsoft Entra ID Tenants","Microsoft Customer Agreement","Make use of Microsoft Azure plan for dev/test offer to reduce costs for non-production workloads.","Low","Cost","e81a73f0-84c4-4641-b406-14db3b4d1f50"
"Azure Billing and Microsoft Entra ID Tenants","Microsoft Customer Agreement","Define and document a process to periodically audit the agreement billing RBAC role assignments to review who has access","Medium","Cost","ae757485-92a4-482a-8bc9-eefe6f5b5ec3"
"Identity and Access Management","Identity","Enforce a RBAC model that aligns to your cloud operating model. Scope and Assign across Management Groups and Subscripti","High","Security","348ef254-c27d-442e-abba-c7571559ab91"
"Identity and Access Management","Identity","Only use the authentication type Work or school account for all account types. Avoid using the Microsoft account (MSA) a","Medium","Security","12e7f983-f630-4472-8dd6-9c5b5c2622f5"
"Identity and Access Management","Identity","Enforce Microsoft Entra ID Conditional Access policies for any user with rights to Azure environments.","High","Security","53e8908a-e28c-484c-93b6-b7808b9fe5c4"
"Identity and Access Management","Identity","Enforce multi-factor authentication for any user with rights to the Azure environments.","High","Security","1049d403-a923-4c34-94d0-0018ac6a9e01"
"Identity and Access Management","Identity","Enforce centralized and delegated responsibilities to manage resources deployed inside the landing zone, based on role a","High","Security","e6a83de5-de32-4c19-a248-1607d5d1e4e6"
"Identity and Access Management","Identity","Enforce Microsoft Entra ID Privileged Identity Management (PIM) to establish zero standing access and least privilege.","Medium","Security","14658d35-58fd-4772-99b8-21112df27ee4"
"Identity and Access Management","Identity","Microsoft recommends that you use roles with the fewest permissions. Global Administrator is a highly privileged role th","Medium","Security","d98d954d-7d1c-4a07-92a7-cf3afe8dcbd2"
"Identity and Access Management","Identity","Deploy your Azure landing zone identity resources in multiple regions.  If using domain controllers, associate each regi","Medium","Reliability","e8aa1e41-870d-4968-94c6-77be14f510ac"
"Identity and Access Management","Identity","If planning to switch from Active Directory Domain Services to Entra domain services, evaluate the compatibility of all ","Medium","Security","8b9fe5c4-1049-4d40-9a92-3c3474d00018"
"Identity and Access Management","Identity","Integrate Microsoft Entra ID logs with the platform-central Azure Monitor. Azure Monitor allows for a single source of t","Medium","Security","1cf0b8da-70bd-44d0-94af-8d99cfc89ae1"
"Identity and Access Management","Identity","Implement an emergency access or break-glass accounts to prevent tenant-wide account lockout. MFA will be turned on by d","High","Security","984a859c-773e-47d2-9162-3a765a917e1f"
"Identity and Access Management","Microsoft Entra ID","When deploying Microsoft Entra Connect, use a staging sever for high availability/disaster recovery.","Medium","Reliability","cd163e39-84a5-4b39-97b7-6973abd70d94"
"Identity and Access Management","Identity","Do not use on-premises synced accounts for Microsoft Entra ID role assignments, unless you have a scenario that specific","Medium","Security","35037e68-9349-4c15-b371-228514f4cdff"
"Identity and Access Management","Identity","When using Microsoft Entra ID Application Proxy to give remote users access to applications, manage it as a Platform res","Medium","Security","d5d1e4e6-1465-48d3-958f-d77249b82111"
"Identity and Access Management","Landing zones","Use Azure RBAC to manage data plane access to resources, if possible. E.g. Data Operations across Key Vault, Storage Acc","Medium","Security","d4d1ad54-1abc-4919-b267-3f342d3b49e4"
"Identity and Access Management","Landing zones","Use Microsoft Entra ID PIM access reviews to periodically validate resource entitlements.","Medium","Security","d505ebcb-79b1-4274-9c0d-a27c8bea489c"
"Identity and Access Management","Sovereign Cloud","Identify and restrict platform administrators in line with sovereignty requirements (for example, EU‑only, UK‑only, or c","Medium","Security","1770a2ac-c194-4e5c-ade4-82939d38a510"
"Resource Organization","Naming and tagging","Use a well defined naming scheme for resources, such as Microsoft Best Practice Naming Standards.","Medium","Security","cacf55bc-e4e4-46be-96bc-57a5f23a269a"
"Resource Organization","Subscriptions","Enforce a sandbox management group to allow users to immediately experiment with Azure.","Medium","Security","667313b4-f566-44b5-b984-a859c773e7d2"
"Resource Organization","Subscriptions","Enforce a platform management group under the root management group to support common platform policy and Azure role ass","Medium","Security","61623a76-5a91-47e1-b348-ef254c27d42e"
"Resource Organization","Subscriptions","Enforce a dedicated connectivity subscription in the Connectivity management group to host an Azure Virtual WAN hub, pri","Medium","Security","8bbac757-1559-4ab9-853e-8908ae28c84c"
"Resource Organization","Subscriptions","Enforce that only privileged users can operate management groups in the tenant by enabling Azure RBAC authorization in t","Medium","Security","74d00018-ac6a-49e0-8e6a-83de5de32c19"
"Resource Organization","Subscriptions","Enforce management groups under the root-level management group to represent the types of workloads, based on their secu","Medium","Security","92481607-d5d1-4e4e-9146-58d3558fd772"
"Resource Organization","Subscriptions","Enforce a process to make resource owners aware of their roles and responsibilities, access review, budget review, polic","High","Security","49b82111-2df2-47ee-912e-7f983f630472"
"Resource Organization","Subscriptions","Ensure that all subscription owners and IT core team are aware of subscription quotas and the impact they have on provis","Medium","Security","2dd69c5b-5c26-422f-94b6-9bad33aad5e8"
"Resource Organization","Subscriptions","Use Reserved Instances where appropriate to optimize cost and ensure available capacity in target regions.","High","Security","c68e1d76-6673-413b-9f56-64b5e984a859"
"Resource Organization","Subscriptions","Establish dashboards and/or visualizations to monitor compute and storage capacity metrics. (i.e. CPU, memory, disk spac","Medium","Security","c773e7d2-6162-43a7-95a9-17e1f348ef25"
"Resource Organization","Subscriptions","As part of your cloud adoption, implement a detailed cost management plan using the 'Managed cloud costs' process.","High","Security","ae28c84c-33b6-4b78-88b9-fe5c41049d40"
"Resource Organization","Subscriptions","If servers will be used for Identity services, like domain controllers, establish a dedicated identity subscription in t","Medium","Security","3a923c34-74d0-4001-aac6-a9e01e6a83de"
"Resource Organization","Subscriptions","For Sovereign Landing Zone, have a 'confidential corp' and 'confidential online' management group directly under the 'la","Medium","Security","6cc0ea22-42bb-441e-a345-804ab0a09666"
"Resource Organization","Regions","Select the right Azure region/s for your deployment. Azure is a global-scale cloud platform that provide global coverage","High","Reliability","250d81ce-8bbe-4f85-9051-6a18a8221e50"
"Resource Organization","Regions","Deploy your Azure landing zone in a multi-region deployment. Depending on customer size, locations, and users presence, ","Medium","Reliability","19ca3f89-397d-44b1-b5b6-5e18661372ac"
"Resource Organization","Regions","Ensure required services and features are available within the chosen deployment regions.","Medium","Reliability","4c27d42e-8bba-4c75-9155-9ab9153e8908"
"Resource Organization","Sovereign Cloud","For Sovereign Landing Zone, use the management group structure for Public, Confidential Corp, and Confidential Online.","Medium","Security","914b8cb7-c2f6-40fa-ae18-81c049e0cb5a"
"Resource Organization","Sovereign Cloud","Define data classification levels used in your organization.","Medium","Security","51a1e9e9-a49a-40b2-87b9-ff753bc6de86"
"Resource Organization","Sovereign Cloud","Use tags to capture sovereign workload metadata such as data classification.","Medium","Security","a89153d8-18b2-4caf-bc19-850fc8fba00f"
"Network Topology and Connectivity","App delivery","Document a standard for securing the delivery application content from your Workload spokes using Application Gateway an","Medium","Operations","373f482f-3e39-4d39-8aa4-7e566f6082b6"
"Network Topology and Connectivity","Hub and spoke","Use a hub-and-spoke network topology for network scenarios that require maximum flexibility.","Medium","Security","e8bbac75-7155-49ab-a153-e8908ae28c84"
"Network Topology and Connectivity","Hub and spoke","Deploy your Azure landing zone connectivity resources in multiple regions, so that you can quickly support multi-region ","Medium","Reliability","7bc1c396-2461-4698-b57f-30ca69525252"
"Network Topology and Connectivity","Hub and spoke","Deploy shared networking services, including ExpressRoute gateways, VPN gateways, and Azure Firewall or partner NVAs in ","High","Cost","7dd61623-a364-4a90-9eca-e48ebd54cd7d"
"Network Topology and Connectivity","Hub and spoke","When deploying partner networking technologies or NVAs, follow the partner vendor's guidance.","Medium","Reliability","e2e8abac-3571-4559-ab91-53e89f89dc7b"
"Network Topology and Connectivity","Hub and spoke","If you need transit between ExpressRoute and VPN gateways in hub and spoke scenarios, use Azure Route Server.","Low","Security","ce463dbb-bc8a-4c2a-aebc-92a43da1dae2"
"Network Topology and Connectivity","Hub and spoke","For network architectures with multiple hub-and-spoke topologies across Azure regions, use global virtual network peerin","Medium","Performance","cc881471-607c-41cc-a0e6-14658dd558f9"
"Network Topology and Connectivity","Hub and spoke","Use Azure Monitor for Networks to monitor the end-to-end state of the networks on Azure.","Medium","Operations","4722d929-c1b1-4cd6-81f5-4b29bade39ad"
"Network Topology and Connectivity","Sovereign Cloud","Is there a requirement to encrypt traffic over the ExpressRoute?","Medium","Security","821a568d-c632-4693-ba76-e2751de35050"
"Network Topology and Connectivity","Encryption","When you're using ExpressRoute Direct, configure MACsec in order to encrypt traffic at the layer-two level between the o","Medium","Security","de0d5973-cd4c-4d21-a088-137f5e6c4cfd"
"Network Topology and Connectivity","Encryption","For scenarios where MACsec isn't an option (for example, not using ExpressRoute Direct), use a VPN gateway to establish ","Medium","Security","ed301d6e-872e-452e-9611-cc58b5a4b151"
"Network Topology and Connectivity","IP plan","Ensure no overlapping IP address spaces across Azure regions and on-premises locations are used.","High","Security","558fd772-49b8-4211-82df-27ee412e7f98"
"Network Topology and Connectivity","IP plan","Do not use overlapping IP address ranges for production and disaster recovery sites.","High","Reliability","f348ef25-4c27-4d42-b8bb-ac7571559ab9"
"Network Topology and Connectivity","IP plan","For environments where name resolution in Azure is all that's required, use Azure Private DNS for resolution with a dele","Medium","Operations","153e8908-ae28-4c84-a33b-6b7808b9fe5c"
"Network Topology and Connectivity","IP plan","For environments where name resolution across Azure and on-premises is required and there is no existing enterprise DNS ","Medium","Security","41049d40-3a92-43c3-974d-00018ac6a9e0"
"Network Topology and Connectivity","IP plan","Special workloads that require and deploy their own DNS (such as Red Hat OpenShift) should use their preferred DNS solut","Low","Operations","1e6a83de-5de3-42c1-a924-81607d5d1e4e"
"Network Topology and Connectivity","IP plan","Enable auto-registration for Azure DNS to automatically manage the lifecycle of the DNS records for the virtual machines","High","Operations","614658d3-558f-4d77-849b-821112df27ee"
"Network Topology and Connectivity","IP plan","Implement a plan for managing DNS resolution between multiple Azure regions and when services fail over to another regio","Medium","Reliability","18c80eb0-582a-4198-bf5c-d8800b2d263b"
"Network Topology and Connectivity","IP plan","Disable Windows systems from attempting to use port 65330 in Azure, Windows systems in Azure may attempt to use port 653","Low","Reliability","baac3ecb-a94c-4ac4-8c79-cdf27c0d78df"
"Network Topology and Connectivity","Internet","Use Azure Bastion to securely connect to your network.","Medium","Security","ee1ac551-c4d5-46cf-b035-d0a3c50d87ad"
"Network Topology and Connectivity","Internet","Use Azure Front Door and WAF policies to provide global protection across Azure regions for inbound HTTP/S connections t","Medium","Security","1d7aa9b6-4704-4489-a804-2d88e79d17b7"
"Network Topology and Connectivity","Internet","When using Azure Front Door and Azure Application Gateway to help protect HTTP/S apps, use WAF policies in Azure Front D","Low","Security","3b22a5a6-7e7a-48ed-9b30-e38c3f29812b"
"Network Topology and Connectivity","Internet","When WAFs and other reverse proxies are required for inbound HTTP/S connections, deploy them within a landing-zone virtu","High","Security","2363cefe-179b-4599-be0d-5973cd4cd21b"
"Network Topology and Connectivity","Internet","Use Azure DDoS Network or IP Protection plans to help protect Public IP Addresses endpoints within the virtual networks ","High","Security","088137f5-e6c4-4cfd-9e50-4547c2447ec6"
"Network Topology and Connectivity","Internet","Plan for how to manage your network outbound traffic configuration and strategy before the upcoming breaking change. On ","High","Reliability","b034c01e-110b-463a-b36e-e3346e57f225"
"Network Topology and Connectivity","Internet","Add diagnostic settings to save DDoS related logs for all the protected public IP addresses (DDoS IP or Network Protecti","High","Security","b1c82a3f-2320-4dfa-8972-7ae4823c8930"
"Network Topology and Connectivity","Internet","Ensure there is a policy assignment to deny Public IP addresses directly tied to Virtual Machines.  Use exclusions if pu","High","Security","3c5a808d-c695-4c14-a63c-c7ab7a510e41"
"Network Topology and Connectivity","Hybrid","Use ExpressRoute as the primary connection to Azure.  Use VPNs as a source of backup connectivity.","Medium","Performance","359c373e-7dd6-4162-9a36-4a907ecae48e"
"Network Topology and Connectivity","Hybrid","When you use multiple ExpressRoute circuits or multiple on-prem locations, use BGP attributes to optimize routing.","Medium","Reliability","f29812b2-363c-4efe-879b-599de0d5973c"
"Network Topology and Connectivity","Hybrid","For scenarios that require bandwidth higher than 10 Gbps or dedicated 10/100-Gbps ports, use ExpressRoute Direct.","Medium","Performance","72e52e36-11cc-458b-9a4b-1511e43a58a9"
"Network Topology and Connectivity","Hybrid","When low latency is required, or throughput from on-premises to Azure must be greater than 10 Gbps, enable FastPath to b","Medium","Performance","c2299c4d-7b57-4d0c-9555-62f2b3e4563a"
"Network Topology and Connectivity","Hybrid","Use redundant VPN appliances on-premises (active/active or active/passive).","Medium","Reliability","45866df8-cf85-4ca9-bbe2-65ec1478919e"
"Network Topology and Connectivity","Hybrid","If using ExpressRoute Direct, consider using ExpressRoute Local circuits to the local Azure regions to save costs.","High","Cost","718cb437-b060-2589-8856-2e93a5c6633b"
"Network Topology and Connectivity","Hybrid","When traffic isolation or dedicated bandwidth is required, such as for separating production and nonproduction environme","Medium","Security","8042d88e-79d1-47b7-9b22-a5a67e7a8ed4"
"Network Topology and Connectivity","Hybrid","Monitor ExpressRoute availability and utilization using built-in Express Route Insights.","Medium","Operations","b30e38c3-f298-412b-8363-cefe179b599d"
"Network Topology and Connectivity","Hybrid","Use Connection Monitor for connectivity monitoring across the network, especially between on-premises and Azure.","Medium","Operations","5bf68dc9-325e-4873-bf88-f8214ef2e5d2"
"Network Topology and Connectivity","Hybrid","Use site-to-site VPN as failover of ExpressRoute, if only using a single ExpressRoute circuit.","Medium","Reliability","cf3fe65c-fec0-495a-8edc-9675200f2add"
"Network Topology and Connectivity","Hybrid","If using ExpressRoute, your on-premises routing should be dynamic: in the event of a connection failure it should conver","High","Reliability","d581a947-69a2-4783-942e-9df3664324c8"
"Network Topology and Connectivity","Hybrid","Ensure the two physical links of your ExpressRoute circuit are connected to two distinct edge devices in your network.","Medium","Reliability","b258f058-b9f6-46cd-b28d-990106f0c3f8"
"Network Topology and Connectivity","Hybrid","Ensure Bidirectional Forwarding Detection (BFD) is enabled and configured on customer or provider edge routing devices.","Medium","Reliability","fe2a1b53-6fbd-4c67-b58a-85d7c7a0afcb"
"Network Topology and Connectivity","Hybrid","Connect the ExpressRoute Gateway to two or more circuits from different peering locations for higher resiliency.","High","Reliability","669b215a-ce43-4371-8f6f-11047f6490f1"
"Network Topology and Connectivity","Hybrid","Configure diagnostic logs and alerts for ExpressRoute virtual network gateway.","Medium","Operations","3f79ed00-203b-4c95-9efd-691505f5a1f9"
"Network Topology and Connectivity","Hybrid","Do not use ExpressRoute circuits for VNet-to-VNet communication.","Medium","Performance","5234c93f-b651-41dd-80c1-234177b91ced"
"Network Topology and Connectivity","Hybrid","Do not send Azure traffic to hybrid locations for inspection.  Instead, follow the principle 'traffic in Azure stays in ","Low","Performance","8ac6a9e0-1e6a-483d-b5de-32c199248160"
"Network Topology and Connectivity","Sovereign Cloud","Do any interconnects (ExpressRoute, MPLS etc) traverse borders or different countries?","Medium","Security","4cc8ca4e-a503-4bac-9b1e-82283a711043"
"Network Topology and Connectivity","Sovereign Cloud","Ensure VNet peering's do not enable traffic to leave approved regions.","Medium","Security","8b517d94-c9d0-42c4-9803-d93ed0a46bc0"
"Network Topology and Connectivity","Firewall","Use Azure Firewall to govern Azure outbound traffic to the internet, non-HTTP/S inbound connections, and East/West traff","High","Security","e6c4cfd3-e504-4547-a244-7ec66138a720"
"Network Topology and Connectivity","Firewall","Create a global Azure Firewall policy to govern security posture across the global network environment and assign it to ","Medium","Security","5a4b1511-e43a-458a-ac22-99c4d7b57d0c"
"Network Topology and Connectivity","Firewall","Configure supported partner SaaS security providers within Firewall Manager if the organization wants to use such soluti","Low","Security","655562f2-b3e4-4563-a4d8-739748b662d6"
"Network Topology and Connectivity","Firewall","Add diagnostic settings to save logs, using the Resource Specific destination table, for all Azure Firewall deployments.","High","Operations","715d833d-4708-4527-90ac-1b142c7045ba"
"Network Topology and Connectivity","Firewall","Migrate from Azure Firewall Classic rules (if exist) to Firewall Policy.","High","Operations","e960fc6b-4ab2-4db6-9609-3745135f9ffa"
"Network Topology and Connectivity","Firewall","Arrange rules within the firewall policy into Rule Collection Groups and Rule Collections and based on their frequency o","Medium","Performance","828cec2e-af6c-40c2-8fa2-1b681ee63eb7"
"Network Topology and Connectivity","Firewall","Use IP Groups or IP prefixes to reduce number of IP table rules.","Medium","Performance","0da83bb1-2f39-49af-b5c9-835fc455e3d1"
"Network Topology and Connectivity","Firewall","Do not use wildcards as a source IP for DNATS, such as * or any, you should specify source IPs for incoming DNATs.","Medium","Performance","c44c6f0e-1642-4a61-a17b-0922f835c93a"
"Network Topology and Connectivity","Firewall","Prevent SNAT Port exhaustion by monitoring SNAT port usage, evaluating NAT Gateway settings, and ensuring seamless failo","Medium","Performance","7371dc21-251a-47a3-af14-6e01b9da4757"
"Network Topology and Connectivity","Firewall","If you are using Azure Firewall Premium, enable TLS Inspection.","High","Performance","346840b8-1064-496e-8396-4b1340172d52"
"Network Topology and Connectivity","Firewall","Use web categories to allow or deny outbound access to specific topics.","Low","Performance","39990a13-915c-45f9-a2d3-562d7d6c4b7c"
"Network Topology and Connectivity","Firewall","As part of your TLS inspection, plan for receiving traffic from Azure App Gateways for inspection.","Medium","Performance","6eff7e6c-6c4a-43d7-be3f-6641c2cb3d4a"
"Network Topology and Connectivity","Firewall","Implement backups for your firewall rules","Low","Operations","64e7000e-3c06-485e-b455-ced7f454cba3"
"Network Topology and Connectivity","PaaS","Do not disrupt control-plane communication for Azure PaaS services injected into a virtual networks, such as with a 0.0.","High","Security","d301d6e8-72e5-42e3-911c-c58b5a4b1511"
"Network Topology and Connectivity","PaaS","Use Private Link, where available, for shared Azure PaaS services.","Medium","Security","e43a58a9-c229-49c4-b7b5-7d0c655562f2"
"Network Topology and Connectivity","PaaS","Access Azure PaaS services from on-premises via private endpoints and ExpressRoute private peering. This method avoids t","Medium","Security","b3e4563a-4d87-4397-98b6-62d6d15f512a"
"Network Topology and Connectivity","PaaS","Filter egress traffic to Azure PaaS services using FQDNs instead of IP addresses in Azure Firewall or an NVA to prevent ","Medium","Security","7e7a8ed4-b30e-438c-9f29-812b2363cefe"
"Network Topology and Connectivity","Segmentation","Delegate subnet creation to the landing zone owner.","Medium","Security","c2447ec6-6138-4a72-80f1-ce16ed301d6e"
"Network Topology and Connectivity","Segmentation","Use NSGs and application security groups to micro-segment traffic within the landing zone and avoid using a central NVA ","Medium","Security","a4d87397-48b6-462d-9d15-f512a65498f6"
"Network Topology and Connectivity","Virtual WAN","Use Virtual WAN if your scenario is explicitly described in the list of Virtual WAN routing designs.","Medium","Operations","412e7f98-3f63-4047-82dd-69c5b5c2622f"
"Network Topology and Connectivity","Virtual WAN","Use a Virtual WAN hub per Azure region to connect multiple landing zones together across Azure regions via a common glob","Medium","Performance","54b69bad-33aa-4d5e-ac68-e1d76667313b"
"Network Topology and Connectivity","Virtual WAN","Ensure that your virtual WAN network architecture aligns to an identified architecture scenario.","Medium","Reliability","6667313b-4f56-464b-9e98-4a859c773e7d"
"Network Topology and Connectivity","Virtual WAN","Use Azure Monitor Insights for Virtual WAN to monitor the end-to-end topology of the Virtual WAN, status, and key metric","Medium","Operations","261623a7-65a9-417e-8f34-8ef254c27d42"
"Network Topology and Connectivity","Virtual WAN","Configure label-based propagation in Virtual WAN, otherwise connectivity between virtual hubs will be impaired.","Medium","Reliability","2586b854-237e-47f1-84a1-d45d4cd2310d"
"Governance","Governance","Leverage Azure Policy strategically, define controls for your environment, using Policy Initiatives to group related pol","High","Security","5c986cb2-9131-456a-8247-6e49f541acdc"
"Governance","Governance","Map regulatory and compliance requirements to Azure Policy definitions and Azure role assignments.","Medium","Security","d8a2adb1-17d6-4326-af62-5ca44e5695f2"
"Governance","Governance","Establish Azure Policy definitions at the intermediate root management group so that they can be assigned at inherited s","Medium","Security","223ace8c-b123-408c-a501-7f154e3ab369"
"Governance","Governance","Manage policy assignments at the highest appropriate level with exclusions at bottom levels, if required.","High","Security","3829e7e3-1618-4368-9a04-77a209945bda"
"Governance","Governance","Use Azure Policy to control which services users can provision at the subscription/management group level.","Low","Security","43334f24-9116-4341-a2ba-527526944008"
"Governance","Governance","Use built-in policies where possible to minimize operational overhead.","Medium","Security","be7d7e48-4327-46d8-adc0-55bcf619e8a1"
"Governance","Governance","Assign the built-in Resource Policy Contributor role at a particular scope to enable application-level governance.","Medium","Security","3f988795-25d6-4268-a6d7-0ba6c97be995"
"Governance","Governance","Limit the number of Azure Policy assignments made at the root management group scope to avoid managing through exclusion","Medium","Security","19048384-5c98-46cb-8913-156a12476e49"
"Governance","Optimize your cloud investment","Configure 'Actual' and 'Forecasted' Budget Alerts.","Medium","Cost","29fd366b-a180-452b-9bd7-954b7700c667"
"Governance","Sovereign Cloud","If any data sovereignty requirements exist, Azure Policies should be deployed to enforce them.","Medium","Security","5a917e1f-348e-4f25-9c27-d42e8bbac757"
"Governance","Sovereign Cloud","For Sovereign Landing Zone, deploy the global and confidential policies and assign them at the correct management group ","Medium","Security","78b22132-b41c-460b-a4d3-df8f73a67dc2"
"Governance","Sovereign Cloud","For Sovereign Landing Zone, document your sovereign control objectives and align them to policy.","Medium","Security","caeea0e9-1024-41df-a52e-d99c3f22a6f4"
"Governance","Sovereign Cloud","Ensure primary and DR regions are inside the allowed jurisdiction (including paired region behavior, ZRS/GZRS constraint","Medium","Security","9b461617-db7b-4399-8ac6-d4eb7153893a"
"Governance","Sovereign Cloud","For landing zone services (Databases, Storage, Containers, Analytics, AI), ensure the data‑processing locations and feat","Medium","Security","bfaf7b7a-9e6c-4840-a2bd-2c524326bdf6"
"Governance","Sovereign Cloud","Have jurisdiction constraints been established for vendor remote access and managed services personnel?","Medium","Security","3105633e-b168-4ce0-a016-5f10e7cdea5a"
"Governance","Sovereign Cloud","Do you require Azure confidential computing for sensitive workloads?","Medium","Security","77cf1acd-16b4-4092-8d30-6ec9579854ce"
"Management","Monitoring","Use a single monitor logs workspace to manage platforms centrally except where Azure role-based access control (Azure RB","Medium","Operations","67e7a8ed-4b30-4e38-a3f2-9812b2363cef"
"Management","Monitoring","Decide whether to use a single Azure Monitor Logs workspace for all regions or to create multiple workspaces to cover va","Medium","Reliability","7418ada9-4199-4c28-8286-d15e9433e8f3"
"Management","Monitoring","Export logs to Azure Storage if your log retention requirements exceed twelve years. Use immutable storage with a write-","High","Operations","5e6c4cfd-3e50-4454-9c24-47ec66138a72"
"Management","Monitoring","Monitor OS level virtual machine (VM) configuration drift using Azure Policy. Enabling Azure Automanage Machine Configur","Medium","Operations","e7d7e484-3276-4d8b-bc05-5bcf619e8a13"
"Management","Operational compliance","Use Azure Update Manager as a patching mechanism for Windows and Linux VMs in Azure.","Medium","Operations","f9887952-5d62-4688-9d70-ba6c97be9951"
"Management","Operational compliance","Use Azure Update Manager as a patching mechanism for Windows and Linux VMs outside of Azure using Azure Arc.","Medium","Operations","c806c048-26b7-4ddf-b4c2-b4f0c476925d"
"Management","Monitoring","Use Network Watcher to proactively monitor traffic flows.","Medium","Operations","90483845-c986-4cb2-a131-56a12476e49f"
"Management","Monitoring","Use resource locks to prevent accidental deletion of critical shared services.","Medium","Operations","541acdce-9793-477b-adb3-751ab2ab13ad"
"Management","Monitoring","Use deny policies to supplement Azure role assignments. The combination of deny policies and Azure role assignments ensu","Low","Operations","a6e55d7d-8a2a-4db1-87d6-326af625ca44"
"Management","Monitoring","Include service and resource health events as part of the overall platform monitoring solution. Tracking service and res","Medium","Operations","e5695f22-23ac-4e8c-a123-08ca5017f154"
"Management","Monitoring","Include alerts and action groups as part of the Azure Service Health platform to ensure that alerts or issues can be act","Medium","Operations","d5f345bf-97ab-41a7-819c-6104baa7d48c"
"Management","Monitoring","Don't send raw log entries back to on-premises monitoring systems. Instead, adopt a principle that data born in Azure st","Medium","Operations","e3ab3693-829e-47e3-8618-3687a0477a20"
"Management","Monitoring","Use Azure Monitor Logs for insights and reporting.","Medium","Operations","6944008b-e7d7-4e48-9327-6d8bdc055bcf"
"Management","Monitoring","When necessary, use shared storage accounts within the landing zone for Azure diagnostic extension log storage.","Medium","Operations","619e8a13-f988-4795-85d6-26886d70ba6c"
"Management","Monitoring","Use Azure Monitor alerts for the generation of operational alerts.","Medium","Operations","97be9951-9048-4384-9c98-6cb2913156a1"
"Management","Monitoring","Ensure that monitoring requirements have been assessed and that appropriate data collection and alerting configurations ","Medium","Operations","859c3900-4514-41eb-b010-475d695abd74"
"Management","Monitoring","Deploy AMBA to establish monitoring for platform components of your landing zone - AMBA is a framework solution that is ","Medium","Operations","aa45be6a-8f2d-4896-b0e3-775e6e94e610"
"Management","Data Protection","Employ Azure Site Recovery for Azure-to-Azure VM DR scenarios. Use Azure-native backup capabilities.","Medium","Reliability","7ea02e1c-7166-45a3-bdf5-098891367fcb"
"Management","Data Protection","When using Azure Backup, use the correct backup types (GRS, ZRS & LRS) for your backup, as the default setting is GRS.","Low","Reliability","eba8cf22-45c6-4dc1-9b57-2cceb3b97ce5"
"Management","Operational compliance","Use Azure guest policies to automatically deploy software configurations through VM extensions and enforce a compliant b","Medium","Security","f541acdc-e979-4377-acdb-3751ab2ab13a"
"Management","Operational compliance","Monitor VM security configuration drift via Azure Policy.","Medium","Security","da6e55d7-d8a2-4adb-817d-6326af625ca4"
"Management","Protect and Recover","Use native PaaS service disaster recovery capabilities.  Perform failover testing with these capabilities.","Medium","Operations","b2ab13ad-a6e5-45d7-b8a2-adb117d6326a"
"Management","Protect and Recover","Use Azure-native backup capabilities, or an Azure-compatible, 3rd-party backup solution.","Medium","Operations","f625ca44-e569-45f2-823a-ce8cb12308ca"
"Management","App delivery","Add diagnostic settings to save WAF logs from application delivery services like Azure Front Door and Azure Application ","High","Operations","89cc5e11-aa4d-4c3b-893d-feb99215266a"
"Management","App delivery","Send WAF logs from your application delivery services like Azure Front Door and Azure Application Gateway to Microsoft S","Medium","Operations","7f408960-c626-44cb-a018-347c8d790cdf"
"Security","Access control","Determine the incident response plan for Azure services before allowing it into production.","Medium","Security","b86ad884-08e3-4727-94b8-75ba18f20459"
"Security","Access control","Apply a zero-trust approach for access to the Azure platform.","Medium","Security","01365d38-e43f-49cc-ad86-8266abca264f"
"Security","Encryption and keys","Use Azure Key Vault to store your secrets and credentials.","High","Security","5017f154-e3ab-4369-9829-e7e316183687"
"Security","Encryption and keys","Provision Azure Key Vault with the soft delete and purge policies enabled to allow retention protection for deleted obje","Medium","Security","2ba52752-6944-4008-ae7d-7e4843276d8b"
"Security","Encryption and keys","Follow a least privilege model by assigning just-in-time eligible RBAC roles for operators, administrators, and other us","Medium","Security","dc055bcf-619e-48a1-9f98-879525d62688"
"Security","Encryption and keys","Automate the certificate management and renewal process with public certificate authorities to ease administration.","Medium","Security","6d70ba6c-97be-4995-8904-83845c986cb2"
"Security","Encryption and keys","Establish an automated process for key and certificate rotation.","Medium","Security","913156a1-2476-4e49-b541-acdce979377b"
"Security","Encryption and keys","Enable private endpoints to control access to the key vault, configure service endpoints and the vault firewall if priva","Medium","Security","cdb3751a-b2ab-413a-ba6e-55d7d8a2adb1"
"Security","Encryption and keys","Use the platform-central Azure Monitor Log Analytics workspace to audit key, certificate, and secret usage within each i","Medium","Security","17d6326a-f625-4ca4-9e56-95f2223ace8c"
"Security","Encryption and keys","Delegate Key Vault instantiation and privileged access and use Azure Policy to enforce a consistent compliant configurat","Medium","Security","b12308ca-5017-4f15-9e3a-b3693829e7e3"
"Security","Encryption and keys","Default to Microsoft-managed keys for principal encryption functionality and use customer-managed keys when required.","Medium","Security","16183687-a047-47a2-8994-5bda43334f24"
"Security","Sovereign Cloud","Do you have a sovereignty requirement to use customer-managed keys?","Medium","Security","b48ade7f-50be-4d2e-9866-d57b17942fc2"
"Security","Sovereign Cloud","If you bring your own keys, ensure they are supported across all required services.","Medium","Security","25d62688-6d70-4ba6-a97b-e99519048384"
"Security","Sovereign Cloud","For Sovereign Landing Zone, use Azure Key Vault managed HSM to store your secrets and credentials.","Medium","Security","4ac6b67c-b3a4-4ff9-8e87-b07a7ce7bbdb"
"Security","Operations","Use Microsoft Entra ID reporting capabilities to generate access control audit reports.","Medium","Security","4e5695f2-223a-4ce8-ab12-308ca5017f15"
"Security","Operations","Export Azure activity logs to Azure Monitor Logs for long-term data retention. Export to Azure Storage for long-term sto","Medium","Security","4e3ab369-3829-4e7e-9161-83687a0477a2"
"Security","Operations","Enable Defender Cloud Security Posture Management (CSPM) plan for all resources in addition to the on-by-default Foundat","High","Security","09945bda-4333-44f2-9911-634182ba5275"
"Security","Operations","Enable a Microsoft Defender for Servers plan for all cloud servers.","High","Security","36a72a48-fffe-4c40-9747-0ab5064355ba"
"Security","Operations","Enable Defender Cloud Workload Protection Plans for Azure Resources on all subscriptions.","High","Security","77425f48-ecba-43a0-aeac-a3ac733ccc6a"
"Security","Operations","Enable Endpoint Protection on IaaS Servers.","High","Security","24d96b30-61ee-4436-a1cc-d6ef08bc574b"
"Security","Operations","Monitor base operating system patching drift via Azure Monitor Logs and Defender for Cloud.","Medium","Security","15833ee7-ad6c-46d3-9331-65c7acbe44ab"
"Security","Operations","Connect default resource configurations to a centralized Azure Monitor Log Analytics workspace.","Medium","Security","e5f8d79f-2e87-4768-924c-516775c6ea95"
"Security","Sovereign Cloud","For Sovereign Landing Zone, enforce customer‑controlled access to Microsoft support operations by enabling Customer Lock","Medium","Security","d21a922d-5ca7-427a-82a6-35f7b21f1bfc"
"Security","Operations","Use an Azure Event Grid-based solution for log-oriented, real-time alerts.","Low","Security","874a748b-662d-46d1-9051-2a66498f6dfe"
"Security","Overview","Enable secure transfer to storage accounts.","High","Security","b03ed428-4617-4067-a787-85468b9ccf3f"
"Security","Overview","Enable container soft delete for the storage account to recover a deleted container and its contents.","High","Security","159aac9f-863f-4f48-82cf-00c28fa97a0e"
"Security","Sovereign Cloud","Are TLS version requirements enforced through Azure Policy?","Medium","Security","31e77d70-f001-455b-93aa-6d05eea10968"
"Security","Secure privileged access","Use separate privileged administrator accounts for Azure administrative tasks.","High","Security","6f704104-85c1-441f-96d3-c9819911645e"
"Security","Service enablement framework","Plan how new Azure services will be implemented.","Medium","Security","9a19bf39-c95d-444c-9c89-19ca1f6d5215"
"Security","Service enablement framework","Plan how service request will be fulfilled for Azure services.","Low","Security","ae514b93-3d45-485e-8112-9bd7ba012f7b"
"Platform Automation and DevOps","DevOps Team Topologies","Ensure you have a cross functional DevOps Platform Team to build, manage and maintain your Azure Landing Zone architectu","High","Operations","e85f4226-bf06-4e35-8a8b-7aee4d2d633a"
"Platform Automation and DevOps","DevOps Team Topologies","Aim to define functions for Azure Landing Zone Platform team.","Low","Operations","634146bf-7085-4419-a7b5-f96d2726f6da"
"Platform Automation and DevOps","DevOps Team Topologies","Aim to define functions for application workload teams to be self-sufficient and not require DevOps Platform Team suppor","Low","Operations","a9e65070-c59e-4112-8bf6-c11364d4a2a5"
"Platform Automation and DevOps","DevOps Team Topologies","Use a CI/CD pipeline to deploy IaC artifacts and ensure the quality of your deployment and Azure environments.","Medium","Operations","165eb5e9-b434-448a-9e24-178632186212"
"Platform Automation and DevOps","DevOps Team Topologies","Include unit tests for IaC and application code as part of your build process.","Medium","Operations","0cadb8c7-8fa5-4fbf-8f39-d1fadb3b0460"
"Platform Automation and DevOps","DevOps Team Topologies","Use Key Vault secrets to avoid hard-coding sensitive information such as credentials (virtual machines user passwords), ","High","Operations","108d5099-a11d-4445-bd8b-e12a5e95412e"
"Platform Automation and DevOps","DevOps Team Topologies","Implement automation for new landing zone for applications and workloads through subscription vending.","Low","Operations","a52e0c98-76b9-4a09-a1c9-6b2babf22ac4"
"Platform Automation and DevOps","Development Lifecycle","Ensure a version control system is used for source code of applications and IaC developed. Microsoft recommends Git.","High","Operations","cfe363b5-f579-4284-bc56-a42153e4c10b"
"Platform Automation and DevOps","Development Lifecycle","Follow a branching strategy to allow teams to collaborate better and efficiently manage version control of IaC and appli","Low","Operations","c7245dd4-af8a-403a-8bb7-890c1a7cfa9d"
"Platform Automation and DevOps","Development Lifecycle","Adopt a pull request strategy to help keep control of code changes merged into branches.","Medium","Operations","12aeea20-9165-4b3e-bdf2-6795fcd3cdbe"
"Platform Automation and DevOps","Development Lifecycle","Establish a process for using code to implement quick fixes. Always register quick fixes in your team's backlog so each ","Medium","Operations","2676ae46-65ca-444e-8695-fdddeace4cb1"
"Platform Automation and DevOps","Development Strategy","Leverage Declarative Infrastructure as Code Tools such as Azure Bicep, ARM Templates or Terraform to build and maintain ","High","Operations","2cdc9d99-dbcc-4ad4-97f5-e7d358bdfa73"
"Platform Automation and DevOps","Security","Integrate security into the already combined process of development and operations in DevOps to mitigate risks in the in","High","Operations","cc87a3bc-c572-4ad2-92ed-8cabab66160f"
"Platform Automation and DevOps","Sovereign Cloud","Ensure build agents, package registries and image bases reside within your data sovereignty region.","Medium","Operations","047c91e2-6bb4-4a42-a0ef-ab06ad0062c9"
